"state","state_name","year","overdose_deaths_total","heroin_deaths","natural_semisynth_deaths","synthetic_opioid_deaths","arcos_total_pills_2006_2014"
"AK","Alaska",2015,121,NA,NA,NA,138652246
"AK","Alaska",2016,129,49,46,NA,138652246
"AK","Alaska",2017,141,36,46,37,138652246
"AK","Alaska",2018,105,28,33,16,138652246
"AK","Alaska",2019,133,45,41,23,138652246
"AK","Alaska",2020,146,31,37,61,138652246
"AK","Alaska",2021,255,66,74,150,138652246
"AK","Alaska",2022,247,40,49,156,138652246
"AK","Alaska",2023,357,16,34,270,138652246
"AK","Alaska",2024,339,NA,28,255,138652246
"AK","Alaska",2025,331,NA,36,217,138652246
"AL","Alabama",2015,720,NA,NA,NA,1703752770
"AL","Alabama",2016,740,NA,NA,NA,1703752770
"AL","Alabama",2017,807,NA,NA,NA,1703752770
"AL","Alabama",2018,740,NA,NA,NA,1703752770
"AL","Alabama",2019,739,NA,NA,NA,1703752770
"AL","Alabama",2020,989,NA,NA,NA,1703752770
"AL","Alabama",2021,1333,NA,NA,NA,1703752770
"AL","Alabama",2022,1452,46,143,971,1703752770
"AL","Alabama",2023,1598,40,153,1099,1703752770
"AL","Alabama",2024,1176,17,104,714,1703752770
"AL","Alabama",2025,865,NA,82,431,1703752770
"AR","Arkansas",2015,381,NA,NA,NA,896283373
"AR","Arkansas",2016,386,NA,NA,NA,896283373
"AR","Arkansas",2017,425,NA,NA,NA,896283373
"AR","Arkansas",2018,433,NA,NA,NA,896283373
"AR","Arkansas",2019,362,NA,NA,NA,896283373
"AR","Arkansas",2020,514,NA,NA,NA,896283373
"AR","Arkansas",2021,627,NA,NA,NA,896283373
"AR","Arkansas",2022,591,NA,96,292,896283373
"AR","Arkansas",2023,517,NA,77,269,896283373
"AR","Arkansas",2024,389,NA,47,125,896283373
"AR","Arkansas",2025,373,NA,59,114,896283373
"AZ","Arizona",2015,1267,NA,NA,NA,1720300162
"AZ","Arizona",2016,1393,NA,NA,NA,1720300162
"AZ","Arizona",2017,1555,341,350,263,1720300162
"AZ","Arizona",2018,1730,368,313,527,1720300162
"AZ","Arizona",2019,1981,282,309,824,1720300162
"AZ","Arizona",2020,2644,219,318,1519,1720300162
"AZ","Arizona",2021,2780,105,257,1792,1720300162
"AZ","Arizona",2022,2737,50,211,1776,1720300162
"AZ","Arizona",2023,2720,46,200,1836,1720300162
"AZ","Arizona",2024,2531,35,205,1525,1720300162
"AZ","Arizona",2025,2978,45,249,2018,1720300162
"CA","California",2015,4762,NA,NA,NA,8057292038
"CA","California",2016,4755,NA,NA,NA,8057292038
"CA","California",2017,5028,NA,NA,NA,8057292038
"CA","California",2018,5494,NA,NA,NA,8057292038
"CA","California",2019,6363,1004,935,1727,8057292038
"CA","California",2020,9209,1021,1005,4195,8057292038
"CA","California",2021,11398,798,1044,6411,8057292038
"CA","California",2022,11761,524,955,7045,8057292038
"CA","California",2023,12369,341,827,7954,8057292038
"CA","California",2024,9687,259,695,5265,8057292038
"CA","California",2025,9017,206,677,4632,8057292038
"CO","Colorado",2015,913,NA,NA,NA,1022073725
"CO","Colorado",2016,965,NA,NA,NA,1022073725
"CO","Colorado",2017,1040,NA,NA,NA,1022073725
"CO","Colorado",2018,1004,234,224,130,1022073725
"CO","Colorado",2019,1100,218,238,251,1022073725
"CO","Colorado",2020,1512,228,270,586,1022073725
"CO","Colorado",2021,1917,190,290,987,1022073725
"CO","Colorado",2022,1856,64,221,992,1022073725
"CO","Colorado",2023,1926,35,199,1184,1022073725
"CO","Colorado",2024,1640,32,193,817,1022073725
"CO","Colorado",2025,1817,27,165,1043,1022073725
"CT","Connecticut",2015,799,394,182,214,675475731
"CT","Connecticut",2016,974,459,214,508,675475731
"CT","Connecticut",2017,1080,428,186,696,675475731
"CT","Connecticut",2018,1070,342,158,779,675475731
"CT","Connecticut",2019,1231,346,209,974,675475731
"CT","Connecticut",2020,1385,203,217,1150,675475731
"CT","Connecticut",2021,1562,114,189,1303,675475731
"CT","Connecticut",2022,1476,96,191,1253,675475731
"CT","Connecticut",2023,1330,86,151,1121,675475731
"CT","Connecticut",2024,998,50,119,766,675475731
"CT","Connecticut",2025,854,34,118,584,675475731
"DC","District of Columbia",2015,144,83,21,28,58184205
"DC","District of Columbia",2016,300,146,42,147,58184205
"DC","District of Columbia",2017,348,144,37,203,58184205
"DC","District of Columbia",2018,295,93,28,182,58184205
"DC","District of Columbia",2019,367,98,24,255,58184205
"DC","District of Columbia",2020,511,106,38,384,58184205
"DC","District of Columbia",2021,541,66,32,397,58184205
"DC","District of Columbia",2022,575,49,41,433,58184205
"DC","District of Columbia",2023,635,56,35,493,58184205
"DC","District of Columbia",2024,408,26,25,315,58184205
"DC","District of Columbia",2025,354,16,15,222,58184205
"DE","Delaware",2015,195,NA,NA,NA,276177276
"DE","Delaware",2016,285,NA,NA,NA,276177276
"DE","Delaware",2017,341,NA,NA,NA,276177276
"DE","Delaware",2018,399,147,65,300,276177276
"DE","Delaware",2019,423,109,50,336,276177276
"DE","Delaware",2020,449,92,50,367,276177276
"DE","Delaware",2021,502,67,47,409,276177276
"DE","Delaware",2022,544,56,34,450,276177276
"DE","Delaware",2023,527,27,29,442,276177276
"DE","Delaware",2024,351,21,29,269,276177276
"DE","Delaware",2025,327,14,29,234,276177276
"FL","Florida",2015,3352,NA,NA,NA,5556554674
"FL","Florida",2016,4996,NA,NA,NA,5556554674
"FL","Florida",2017,5440,NA,NA,NA,5556554674
"FL","Florida",2018,4936,NA,NA,NA,5556554674
"FL","Florida",2019,5524,714,1113,3039,5556554674
"FL","Florida",2020,7568,NA,NA,NA,5556554674
"FL","Florida",2021,8163,365,1046,5602,5556554674
"FL","Florida",2022,7894,160,920,5326,5556554674
"FL","Florida",2023,7330,68,816,4801,5556554674
"FL","Florida",2024,5151,NA,NA,NA,5556554674
"FL","Florida",2025,4071,27,503,1940,5556554674
"GA","Georgia",2015,1308,228,444,293,2270981904
"GA","Georgia",2016,1370,215,455,271,2270981904
"GA","Georgia",2017,1516,262,512,406,2270981904
"GA","Georgia",2018,1375,312,388,330,2270981904
"GA","Georgia",2019,1378,307,367,383,2270981904
"GA","Georgia",2020,1868,394,439,856,2270981904
"GA","Georgia",2021,2438,325,494,1379,2270981904
"GA","Georgia",2022,2619,157,467,1657,2270981904
"GA","Georgia",2023,2520,104,376,1642,2270981904
"GA","Georgia",2024,2010,53,308,1074,2270981904
"GA","Georgia",2025,1655,35,241,753,2270981904
"HI","Hawaii",2015,171,NA,NA,NA,218979759
"HI","Hawaii",2016,199,20,46,11,218979759
"HI","Hawaii",2017,202,NA,NA,NA,218979759
"HI","Hawaii",2018,212,15,28,15,218979759
"HI","Hawaii",2019,245,19,25,19,218979759
"HI","Hawaii",2020,276,24,26,34,218979759
"HI","Hawaii",2021,267,18,32,48,218979759
"HI","Hawaii",2022,283,12,22,75,218979759
"HI","Hawaii",2023,321,14,21,110,218979759
"HI","Hawaii",2024,337,NA,26,108,218979759
"HI","Hawaii",2025,315,NA,12,77,218979759
"IA","Iowa",2015,300,43,75,44,562929715
"IA","Iowa",2016,314,44,85,55,562929715
"IA","Iowa",2017,341,64,91,97,562929715
"IA","Iowa",2018,277,36,53,78,562929715
"IA","Iowa",2019,350,40,53,101,562929715
"IA","Iowa",2020,419,52,54,162,562929715
"IA","Iowa",2021,471,35,67,213,562929715
"IA","Iowa",2022,473,25,55,203,562929715
"IA","Iowa",2023,447,10,65,194,562929715
"IA","Iowa",2024,427,NA,54,125,562929715
"IA","Iowa",2025,372,12,50,79,562929715
"ID","Idaho",2015,214,NA,NA,NA,384943300
"ID","Idaho",2016,228,NA,NA,NA,384943300
"ID","Idaho",2017,234,NA,NA,NA,384943300
"ID","Idaho",2018,243,NA,NA,NA,384943300
"ID","Idaho",2019,264,NA,NA,NA,384943300
"ID","Idaho",2020,280,NA,NA,NA,384943300
"ID","Idaho",2021,345,19,85,150,384943300
"ID","Idaho",2022,362,NA,69,186,384943300
"ID","Idaho",2023,367,NA,65,200,384943300
"ID","Idaho",2024,326,NA,79,125,384943300
"ID","Idaho",2025,294,NA,77,119,384943300
"IL","Illinois",2015,1864,876,263,277,1942223756
"IL","Illinois",2016,2427,1069,378,927,1942223756
"IL","Illinois",2017,2765,1215,484,1260,1942223756
"IL","Illinois",2018,2732,1090,404,1593,1942223756
"IL","Illinois",2019,2775,1001,413,1714,1942223756
"IL","Illinois",2020,3531,1080,513,2478,1942223756
"IL","Illinois",2021,3786,801,512,2758,1942223756
"IL","Illinois",2022,3863,546,425,2946,1942223756
"IL","Illinois",2023,3537,436,361,2654,1942223756
"IL","Illinois",2024,2521,345,267,1668,1942223756
"IL","Illinois",2025,1961,242,206,1084,1942223756
"IN","Indiana",2015,1232,NA,NA,NA,2123674419
"IN","Indiana",2016,1506,NA,NA,NA,2123674419
"IN","Indiana",2017,1835,NA,NA,NA,2123674419
"IN","Indiana",2018,1612,NA,NA,NA,2123674419
"IN","Indiana",2019,1704,303,358,908,2123674419
"IN","Indiana",2020,2267,201,405,1600,2123674419
"IN","Indiana",2021,2789,78,447,1985,2123674419
"IN","Indiana",2022,2666,61,328,1898,2123674419
"IN","Indiana",2023,2193,23,205,1550,2123674419
"IN","Indiana",2024,1695,23,164,1044,2123674419
"IN","Indiana",2025,1395,16,139,716,2123674419
"KS","Kansas",2015,323,NA,NA,NA,875161421
"KS","Kansas",2016,313,NA,NA,NA,875161421
"KS","Kansas",2017,323,NA,NA,NA,875161421
"KS","Kansas",2018,341,NA,NA,NA,875161421
"KS","Kansas",2019,380,38,65,68,875161421
"KS","Kansas",2020,473,31,72,159,875161421
"KS","Kansas",2021,682,38,109,344,875161421
"KS","Kansas",2022,755,18,127,421,875161421
"KS","Kansas",2023,641,NA,86,347,875161421
"KS","Kansas",2024,560,NA,73,286,875161421
"KS","Kansas",2025,528,NA,62,228,875161421
"KY","Kentucky",2015,1248,NA,NA,NA,1901662933
"KY","Kentucky",2016,1437,NA,NA,NA,1901662933
"KY","Kentucky",2017,1566,NA,NA,NA,1901662933
"KY","Kentucky",2018,1336,144,292,743,1901662933
"KY","Kentucky",2019,1369,148,321,815,1901662933
"KY","Kentucky",2020,2104,118,436,1522,1901662933
"KY","Kentucky",2021,2397,58,409,1731,1901662933
"KY","Kentucky",2022,2309,31,328,1650,1901662933
"KY","Kentucky",2023,2131,24,270,1509,1901662933
"KY","Kentucky",2024,1538,17,204,934,1901662933
"KY","Kentucky",2025,1177,20,186,552,1901662933
"LA","Louisiana",2015,875,NA,NA,NA,1374613218
"LA","Louisiana",2016,1004,NA,NA,NA,1374613218
"LA","Louisiana",2017,1102,NA,NA,NA,1374613218
"LA","Louisiana",2018,1167,NA,NA,NA,1374613218
"LA","Louisiana",2019,1304,NA,NA,NA,1374613218
"LA","Louisiana",2020,1929,NA,NA,NA,1374613218
"LA","Louisiana",2021,2512,NA,NA,NA,1374613218
"LA","Louisiana",2022,2433,NA,NA,NA,1374613218
"LA","Louisiana",2023,2255,NA,NA,NA,1374613218
"LA","Louisiana",2024,1503,NA,NA,NA,1374613218
"LA","Louisiana",2025,1207,NA,NA,NA,1374613218
"MA","Massachusetts",2015,1723,624,217,957,1281376613
"MA","Massachusetts",2016,2198,620,261,1552,1281376613
"MA","Massachusetts",2017,2138,460,240,1645,1281376613
"MA","Massachusetts",2018,2238,484,256,1813,1281376613
"MA","Massachusetts",2019,2215,377,232,1876,1281376613
"MA","Massachusetts",2020,2296,219,266,1942,1281376613
"MA","Massachusetts",2021,2555,147,200,2150,1281376613
"MA","Massachusetts",2022,2647,111,226,2230,1281376613
"MA","Massachusetts",2023,2380,75,152,2008,1281376613
"MA","Massachusetts",2024,1598,48,122,1257,1281376613
"MA","Massachusetts",2025,1337,51,95,879,1281376613
"MD","Maryland",2015,1320,422,408,373,1165084559
"MD","Maryland",2016,2074,656,694,1122,1165084559
"MD","Maryland",2017,2284,516,541,1598,1165084559
"MD","Maryland",2018,2393,359,437,1890,1165084559
"MD","Maryland",2019,2360,200,439,1926,1165084559
"MD","Maryland",2020,2761,116,373,2335,1165084559
"MD","Maryland",2021,2724,53,280,2297,1165084559
"MD","Maryland",2022,2523,23,223,2047,1165084559
"MD","Maryland",2023,2493,24,185,2034,1165084559
"MD","Maryland",2024,1750,44,188,1309,1165084559
"MD","Maryland",2025,1386,21,110,936,1165084559
"ME","Maine",2015,267,53,105,110,397787254
"ME","Maine",2016,357,54,132,204,397787254
"ME","Maine",2017,409,75,78,262,397787254
"ME","Maine",2018,338,67,55,226,397787254
"ME","Maine",2019,362,55,48,278,397787254
"ME","Maine",2020,490,49,70,359,397787254
"ME","Maine",2021,620,22,75,501,397787254
"ME","Maine",2022,706,19,82,573,397787254
"ME","Maine",2023,592,13,62,487,397787254
"ME","Maine",2024,478,12,47,346,397787254
"ME","Maine",2025,376,NA,42,222,397787254
"MI","Michigan",2015,1973,NA,NA,NA,2852578277
"MI","Michigan",2016,2342,NA,NA,NA,2852578277
"MI","Michigan",2017,2665,NA,NA,NA,2852578277
"MI","Michigan",2018,2575,637,442,1535,2852578277
"MI","Michigan",2019,2358,NA,NA,NA,2852578277
"MI","Michigan",2020,2750,454,386,1929,2852578277
"MI","Michigan",2021,3092,208,415,2295,2852578277
"MI","Michigan",2022,2969,156,293,2215,2852578277
"MI","Michigan",2023,2885,85,230,2148,2852578277
"MI","Michigan",2024,1945,71,227,1181,2852578277
"MI","Michigan",2025,1760,59,231,959,2852578277
"MN","Minnesota",2015,592,NA,NA,NA,841686630
"MN","Minnesota",2016,664,NA,NA,NA,841686630
"MN","Minnesota",2017,728,NA,NA,NA,841686630
"MN","Minnesota",2018,639,NA,NA,NA,841686630
"MN","Minnesota",2019,788,NA,NA,NA,841686630
"MN","Minnesota",2020,1065,NA,NA,NA,841686630
"MN","Minnesota",2021,1344,103,164,868,841686630
"MN","Minnesota",2022,1392,47,140,958,841686630
"MN","Minnesota",2023,1341,29,97,944,841686630
"MN","Minnesota",2024,994,16,95,610,841686630
"MN","Minnesota",2025,1025,NA,85,576,841686630
"MO","Missouri",2015,1087,NA,NA,NA,1599818546
"MO","Missouri",2016,1386,NA,NA,NA,1599818546
"MO","Missouri",2017,1398,NA,NA,NA,1599818546
"MO","Missouri",2018,1635,360,238,881,1599818546
"MO","Missouri",2019,1603,229,220,897,1599818546
"MO","Missouri",2020,1915,150,214,1236,1599818546
"MO","Missouri",2021,2195,92,187,1477,1599818546
"MO","Missouri",2022,2212,42,187,1486,1599818546
"MO","Missouri",2023,2014,25,138,1381,1599818546
"MO","Missouri",2024,1482,27,125,839,1599818546
"MO","Missouri",2025,1238,24,145,644,1599818546
"MS","Mississippi",2015,333,NA,NA,NA,854553186
"MS","Mississippi",2016,332,NA,NA,NA,854553186
"MS","Mississippi",2017,329,NA,NA,NA,854553186
"MS","Mississippi",2018,290,NA,NA,NA,854553186
"MS","Mississippi",2019,365,67,94,130,854553186
"MS","Mississippi",2020,532,63,114,280,854553186
"MS","Mississippi",2021,746,42,135,453,854553186
"MS","Mississippi",2022,702,22,89,435,854553186
"MS","Mississippi",2023,633,18,73,400,854553186
"MS","Mississippi",2024,491,NA,48,250,854553186
"MS","Mississippi",2025,451,NA,69,192,854553186
"MT","Montana",2015,131,NA,NA,NA,245472116
"MT","Montana",2016,114,NA,NA,NA,245472116
"MT","Montana",2017,118,NA,NA,NA,245472116
"MT","Montana",2018,117,NA,NA,NA,245472116
"MT","Montana",2019,139,NA,NA,NA,245472116
"MT","Montana",2020,157,29,35,30,245472116
"MT","Montana",2021,189,21,28,64,245472116
"MT","Montana",2022,191,NA,31,89,245472116
"MT","Montana",2023,184,NA,26,95,245472116
"MT","Montana",2024,171,NA,27,73,245472116
"MT","Montana",2025,175,0,23,91,245472116
"NC","North Carolina",2015,1537,381,555,301,2552612499
"NC","North Carolina",2016,1931,547,597,591,2552612499
"NC","North Carolina",2017,2369,519,556,1270,2552612499
"NC","North Carolina",2018,2246,616,420,1280,2552612499
"NC","North Carolina",2019,2236,588,340,1344,2552612499
"NC","North Carolina",2020,3121,525,373,2252,2552612499
"NC","North Carolina",2021,3900,239,463,3008,2552612499
"NC","North Carolina",2022,4255,119,459,3339,2552612499
"NC","North Carolina",2023,3489,NA,NA,NA,2552612499
"NC","North Carolina",2024,2771,36,287,1951,2552612499
"NC","North Carolina",2025,2019,15,206,1296,2552612499
"ND","North Dakota",2015,66,NA,NA,NA,89455642
"ND","North Dakota",2016,80,NA,NA,NA,89455642
"ND","North Dakota",2017,76,NA,NA,NA,89455642
"ND","North Dakota",2018,70,NA,NA,NA,89455642
"ND","North Dakota",2019,90,NA,NA,NA,89455642
"ND","North Dakota",2020,123,NA,NA,NA,89455642
"ND","North Dakota",2021,136,NA,NA,NA,89455642
"ND","North Dakota",2022,141,NA,NA,NA,89455642
"ND","North Dakota",2023,127,NA,NA,83,89455642
"ND","North Dakota",2024,120,NA,NA,NA,89455642
"ND","North Dakota",2025,130,0,30,56,89455642
"NE","Nebraska",2015,123,NA,NA,NA,312985327
"NE","Nebraska",2016,113,NA,NA,NA,312985327
"NE","Nebraska",2017,157,NA,NA,NA,312985327
"NE","Nebraska",2018,140,NA,NA,NA,312985327
"NE","Nebraska",2019,146,NA,NA,NA,312985327
"NE","Nebraska",2020,210,NA,NA,NA,312985327
"NE","Nebraska",2021,218,NA,37,92,312985327
"NE","Nebraska",2022,223,NA,NA,NA,312985327
"NE","Nebraska",2023,171,NA,25,62,312985327
"NE","Nebraska",2024,145,NA,NA,NA,312985327
"NE","Nebraska",2025,146,NA,27,29,312985327
"NH","New Hampshire",2015,415,79,63,285,280960084
"NH","New Hampshire",2016,458,26,68,347,280960084
"NH","New Hampshire",2017,478,24,51,387,280960084
"NH","New Hampshire",2018,446,NA,34,379,280960084
"NH","New Hampshire",2019,395,NA,33,334,280960084
"NH","New Hampshire",2020,393,NA,29,324,280960084
"NH","New Hampshire",2021,433,NA,37,345,280960084
"NH","New Hampshire",2022,484,NA,13,413,280960084
"NH","New Hampshire",2023,430,NA,24,369,280960084
"NH","New Hampshire",2024,282,NA,17,222,280960084
"NH","New Hampshire",2025,269,NA,18,178,280960084
"NJ","New Jersey",2015,1423,NA,NA,NA,1518780057
"NJ","New Jersey",2016,1971,NA,NA,NA,1518780057
"NJ","New Jersey",2017,2621,NA,NA,NA,1518780057
"NJ","New Jersey",2018,2857,1287,411,2213,1518780057
"NJ","New Jersey",2019,2774,1017,353,2213,1518780057
"NJ","New Jersey",2020,2817,690,331,2324,1518780057
"NJ","New Jersey",2021,3009,423,327,2466,1518780057
"NJ","New Jersey",2022,2945,300,250,2462,1518780057
"NJ","New Jersey",2023,2667,151,266,2172,1518780057
"NJ","New Jersey",2024,1951,132,190,1479,1518780057
"NJ","New Jersey",2025,1575,73,158,1094,1518780057
"NM","New Mexico",2015,496,153,168,41,522109039
"NM","New Mexico",2016,494,164,158,78,522109039
"NM","New Mexico",2017,494,145,147,75,522109039
"NM","New Mexico",2018,525,130,133,103,522109039
"NM","New Mexico",2019,609,184,145,156,522109039
"NM","New Mexico",2020,792,187,160,315,522109039
"NM","New Mexico",2021,1040,166,149,595,522109039
"NM","New Mexico",2022,1007,40,97,640,522109039
"NM","New Mexico",2023,994,30,91,655,522109039
"NM","New Mexico",2024,784,43,63,428,522109039
"NM","New Mexico",2025,960,43,61,617,522109039
"NV","Nevada",2015,665,91,271,36,1002583755
"NV","Nevada",2016,707,92,240,50,1002583755
"NV","Nevada",2017,756,104,253,74,1002583755
"NV","Nevada",2018,741,118,221,86,1002583755
"NV","Nevada",2019,710,136,185,123,1002583755
"NV","Nevada",2020,915,145,235,300,1002583755
"NV","Nevada",2021,1039,132,234,364,1002583755
"NV","Nevada",2022,1127,95,190,491,1002583755
"NV","Nevada",2023,1400,67,172,772,1002583755
"NV","Nevada",2024,1473,34,150,799,1002583755
"NV","Nevada",2025,1229,NA,NA,NA,1002583755
"NY","New York",2015,1802,660,479,532,3338304797
"NY","New York",2016,2248,770,586,1095,3338304797
"NY","New York",2017,2444,748,538,1455,3338304797
"NY","New York",2018,2236,662,520,1364,3338304797
"NY","New York",2019,2086,503,436,1344,3338304797
"NY","New York",2020,2874,526,492,2142,3338304797
"NY","New York",2021,3170,291,489,2432,3338304797
"NY","New York",2022,3401,193,442,2592,3338304797
"NY","New York",2023,3408,124,394,2656,3338304797
"NY","New York",2024,2331,87,266,1555,3338304797
"NY","New York",2025,1777,62,240,1015,3338304797
"OH","Ohio",2015,3336,1472,693,1244,3397984881
"OH","Ohio",2016,4326,1469,786,2305,3397984881
"OH","Ohio",2017,5138,1016,857,3550,3397984881
"OH","Ohio",2018,4004,712,493,2818,3397984881
"OH","Ohio",2019,4279,536,405,3150,3397984881
"OH","Ohio",2020,5215,293,440,4126,3397984881
"OH","Ohio",2021,5405,157,412,4209,3397984881
"OH","Ohio",2022,5144,86,371,3997,3397984881
"OH","Ohio",2023,4745,79,329,3600,3397984881
"OH","Ohio",2024,3144,48,247,2084,3397984881
"OH","Ohio",2025,2452,56,208,1344,3397984881
"OK","Oklahoma",2015,722,32,282,92,1403265597
"OK","Oklahoma",2016,803,48,282,95,1403265597
"OK","Oklahoma",2017,770,60,230,97,1403265597
"OK","Oklahoma",2018,703,81,156,71,1403265597
"OK","Oklahoma",2019,618,70,108,70,1403265597
"OK","Oklahoma",2020,746,83,97,138,1403265597
"OK","Oklahoma",2021,934,45,108,318,1403265597
"OK","Oklahoma",2022,1183,38,118,626,1403265597
"OK","Oklahoma",2023,1258,NA,109,745,1403265597
"OK","Oklahoma",2024,1017,NA,75,515,1403265597
"OK","Oklahoma",2025,857,NA,66,399,1403265597
"OR","Oregon",2015,497,106,147,33,1336351877
"OR","Oregon",2016,496,113,130,41,1336351877
"OR","Oregon",2017,534,119,125,86,1336351877
"OR","Oregon",2018,556,158,128,96,1336351877
"OR","Oregon",2019,610,147,109,83,1336351877
"OR","Oregon",2020,797,198,107,239,1336351877
"OR","Oregon",2021,1181,234,174,532,1336351877
"OR","Oregon",2022,1387,119,131,859,1336351877
"OR","Oregon",2023,1851,47,130,1338,1336351877
"OR","Oregon",2024,1529,20,122,998,1336351877
"OR","Oregon",2025,1054,NA,NA,NA,1336351877
"PA","Pennsylvania",2015,3263,NA,NA,NA,3088637076
"PA","Pennsylvania",2016,4648,NA,NA,NA,3088637076
"PA","Pennsylvania",2017,5434,NA,NA,NA,3088637076
"PA","Pennsylvania",2018,4415,NA,NA,NA,3088637076
"PA","Pennsylvania",2019,4444,NA,NA,NA,3088637076
"PA","Pennsylvania",2020,5178,NA,NA,NA,3088637076
"PA","Pennsylvania",2021,5444,NA,NA,NA,3088637076
"PA","Pennsylvania",2022,5212,NA,NA,NA,3088637076
"PA","Pennsylvania",2023,4746,NA,NA,NA,3088637076
"PA","Pennsylvania",2024,3360,107,307,2082,3088637076
"PA","Pennsylvania",2025,2852,47,220,1639,3088637076
"PR","Puerto Rico",2015,32,NA,NA,NA,NA
"PR","Puerto Rico",2016,49,NA,NA,NA,NA
"PR","Puerto Rico",2017,63,NA,NA,NA,NA
"PR","Puerto Rico",2018,63,NA,NA,NA,NA
"PR","Puerto Rico",2019,175,NA,NA,NA,NA
"PR","Puerto Rico",2020,156,NA,NA,NA,NA
"PR","Puerto Rico",2021,639,10,26,532,NA
"PR","Puerto Rico",2022,792,NA,16,686,NA
"PR","Puerto Rico",2023,769,10,14,621,NA
"PR","Puerto Rico",2024,608,NA,17,468,NA
"PR","Puerto Rico",2025,457,NA,12,304,NA
"RI","Rhode Island",2015,319,51,104,144,255084145
"RI","Rhode Island",2016,346,25,94,197,255084145
"RI","Rhode Island",2017,332,12,79,208,255084145
"RI","Rhode Island",2018,331,20,61,226,255084145
"RI","Rhode Island",2019,317,18,41,213,255084145
"RI","Rhode Island",2020,397,NA,44,291,255084145
"RI","Rhode Island",2021,460,NA,40,346,255084145
"RI","Rhode Island",2022,452,NA,45,330,255084145
"RI","Rhode Island",2023,416,NA,44,315,255084145
"RI","Rhode Island",2024,333,0,30,202,255084145
"RI","Rhode Island",2025,219,0,30,136,255084145
"SC","South Carolina",2015,736,93,321,153,1832404452
"SC","South Carolina",2016,871,108,341,234,1832404452
"SC","South Carolina",2017,1001,144,315,397,1832404452
"SC","South Carolina",2018,1106,168,332,497,1832404452
"SC","South Carolina",2019,1131,196,349,575,1832404452
"SC","South Carolina",2020,1729,244,418,1133,1832404452
"SC","South Carolina",2021,2166,136,373,1528,1832404452
"SC","South Carolina",2022,2292,54,362,1667,1832404452
"SC","South Carolina",2023,2153,24,272,1552,1832404452
"SC","South Carolina",2024,1479,18,187,930,1832404452
"SC","South Carolina",2025,1334,16,168,706,1832404452
"SD","South Dakota",2015,62,NA,NA,NA,115426857
"SD","South Dakota",2016,69,NA,27,11,115426857
"SD","South Dakota",2017,75,10,15,13,115426857
"SD","South Dakota",2018,57,NA,NA,14,115426857
"SD","South Dakota",2019,88,NA,13,25,115426857
"SD","South Dakota",2020,74,NA,11,25,115426857
"SD","South Dakota",2021,101,NA,14,32,115426857
"SD","South Dakota",2022,84,0,NA,28,115426857
"SD","South Dakota",2023,84,0,NA,32,115426857
"SD","South Dakota",2024,89,NA,15,24,115426857
"SD","South Dakota",2025,91,0,20,23,115426857
"TN","Tennessee",2015,1455,199,652,248,2519779625
"TN","Tennessee",2016,1643,261,691,394,2519779625
"TN","Tennessee",2017,1783,304,605,600,2519779625
"TN","Tennessee",2018,1837,367,504,824,2519779625
"TN","Tennessee",2019,2138,378,476,1168,2519779625
"TN","Tennessee",2020,3090,331,574,2129,2519779625
"TN","Tennessee",2021,3861,164,605,2850,2519779625
"TN","Tennessee",2022,3862,86,462,2863,2519779625
"TN","Tennessee",2023,3693,31,383,2840,2519779625
"TN","Tennessee",2024,2555,34,285,1696,2519779625
"TN","Tennessee",2025,2132,20,210,1275,2519779625
"TX","Texas",2015,2579,NA,NA,NA,5432109644
"TX","Texas",2016,2812,NA,NA,NA,5432109644
"TX","Texas",2017,2950,NA,NA,NA,5432109644
"TX","Texas",2018,2971,NA,NA,NA,5432109644
"TX","Texas",2019,3123,731,439,375,5432109644
"TX","Texas",2020,4154,791,535,1012,5432109644
"TX","Texas",2021,4912,734,607,1788,5432109644
"TX","Texas",2022,5457,589,667,2387,5432109644
"TX","Texas",2023,5727,444,596,2550,5432109644
"TX","Texas",2024,5028,288,534,1870,5432109644
"TX","Texas",2025,4469,213,424,1413,5432109644
"UT","Utah",2015,649,128,364,63,696125020
"UT","Utah",2016,650,166,330,77,696125020
"UT","Utah",2017,645,148,295,88,696125020
"UT","Utah",2018,630,156,283,84,696125020
"UT","Utah",2019,575,141,260,93,696125020
"UT","Utah",2020,622,142,225,154,696125020
"UT","Utah",2021,675,147,190,198,696125020
"UT","Utah",2022,646,124,181,213,696125020
"UT","Utah",2023,698,62,187,335,696125020
"UT","Utah",2024,691,48,155,303,696125020
"UT","Utah",2025,675,36,156,258,696125020
"VA","Virginia",2015,1002,338,274,261,1596911250
"VA","Virginia",2016,1356,439,342,650,1596911250
"VA","Virginia",2017,1455,539,334,797,1596911250
"VA","Virginia",2018,1434,551,254,845,1596911250
"VA","Virginia",2019,1538,537,251,970,1596911250
"VA","Virginia",2020,2185,503,277,1640,1596911250
"VA","Virginia",2021,2603,407,278,2047,1596911250
"VA","Virginia",2022,2491,246,221,1972,1596911250
"VA","Virginia",2023,2452,150,158,1926,1596911250
"VA","Virginia",2024,1547,109,131,1064,1596911250
"VA","Virginia",2025,1282,68,121,735,1596911250
"VT","Vermont",2015,99,31,23,33,123414703
"VT","Vermont",2016,136,50,24,56,123414703
"VT","Vermont",2017,128,40,27,73,123414703
"VT","Vermont",2018,144,63,18,96,123414703
"VT","Vermont",2019,118,38,21,88,123414703
"VT","Vermont",2020,186,41,28,133,123414703
"VT","Vermont",2021,251,27,31,207,123414703
"VT","Vermont",2022,266,23,24,218,123414703
"VT","Vermont",2023,246,11,16,211,123414703
"VT","Vermont",2024,205,NA,15,165,123414703
"VT","Vermont",2025,150,NA,12,97,123414703
"WA","Washington",2015,1109,306,264,65,1858634810
"WA","Washington",2016,1117,294,293,94,1858634810
"WA","Washington",2017,1168,317,248,136,1858634810
"WA","Washington",2018,1163,328,209,219,1858634810
"WA","Washington",2019,1251,344,198,328,1858634810
"WA","Washington",2020,1726,385,235,661,1858634810
"WA","Washington",2021,2264,342,303,1215,1858634810
"WA","Washington",2022,2753,157,232,1899,1858634810
"WA","Washington",2023,3512,67,252,2687,1858634810
"WA","Washington",2024,3183,37,214,2342,1858634810
"WA","Washington",2025,2965,25,186,2145,1858634810
"WI","Wisconsin",2015,873,NA,NA,NA,1283958368
"WI","Wisconsin",2016,1079,388,325,287,1283958368
"WI","Wisconsin",2017,1177,413,322,464,1283958368
"WI","Wisconsin",2018,1087,331,254,501,1283958368
"WI","Wisconsin",2019,1200,293,238,657,1283958368
"WI","Wisconsin",2020,1531,267,284,1076,1283958368
"WI","Wisconsin",2021,1759,162,300,1293,1283958368
"WI","Wisconsin",2022,1780,128,253,1296,1283958368
"WI","Wisconsin",2023,1744,179,249,1297,1283958368
"WI","Wisconsin",2024,1167,140,190,708,1283958368
"WI","Wisconsin",2025,970,76,136,510,1283958368
"WV","West Virginia",2015,729,200,360,224,853486419
"WV","West Virginia",2016,879,241,325,432,853486419
"WV","West Virginia",2017,997,259,284,644,853486419
"WV","West Virginia",2018,882,202,216,574,853486419
"WV","West Virginia",2019,852,146,168,567,853486419
"WV","West Virginia",2020,1331,144,283,1052,853486419
"WV","West Virginia",2021,1506,45,212,1193,853486419
"WV","West Virginia",2022,1318,25,160,1074,853486419
"WV","West Virginia",2023,1389,NA,142,1158,853486419
"WV","West Virginia",2024,819,NA,85,586,853486419
"WV","West Virginia",2025,669,NA,69,447,853486419
"WY","Wyoming",2015,92,NA,NA,NA,126677136
"WY","Wyoming",2016,93,NA,NA,NA,126677136
"WY","Wyoming",2017,66,NA,30,14,126677136
"WY","Wyoming",2018,61,NA,28,NA,126677136
"WY","Wyoming",2019,72,NA,26,16,126677136
"WY","Wyoming",2020,101,12,29,27,126677136
"WY","Wyoming",2021,101,12,24,36,126677136
"WY","Wyoming",2022,123,NA,28,58,126677136
"WY","Wyoming",2023,127,NA,35,54,126677136
"WY","Wyoming",2024,107,NA,26,32,126677136
"WY","Wyoming",2025,82,NA,21,23,126677136
